{
    "loss": 0.43190956115722656,
    "accuracy": 0.7647058963775635
}