{
    "loss": 0.4123270809650421,
    "accuracy": 0.8235294222831726
}