{
    "loss": 0.31905609369277954,
    "accuracy": 0.8235294222831726
}